vendor_name,country
SteelCore Industries,China
Alloy Dynamics GmbH,Germany
Global Metals Partners,China
Nordic Steel Supply,Germany
Pan-Asia Metals Co,Vietnam
Continental Alloys,Germany
Meridian Raw Materials,USA
Industrial Supply Co,USA
FastFix MRO,USA
Bearings Direct,Germany
SafetyFirst Equipment,USA
HydroTech Parts,Mexico
ToolWorks Ltd,USA
Precision Fasteners Inc,China
Grainger-type Supply,USA
Belt & Chain Co,China
Lubricant Solutions,USA
Filtration Direct,Germany
ElectroParts MRO,China
Gasket & Seal Supply,Mexico
Local Hardware Depot,Mexico
Conveyor Components Co,Vietnam
CartonWorks,Mexico
PalletPro Solutions,USA
WrapTech Films,Vietnam
Export Crate Co,Vietnam
FoamPack Industries,China
TransGlobal Freight,USA
OceanLink Shipping,China
RegionalTruck Co,Mexico
AirCargo Express,Germany
CustomsBroker Partners,USA
LastMile Logistics,Vietnam
Office Essentials Co,USA
HVAC Services Group,Germany
Janitorial Partners,Mexico
Security Systems Inc,USA
Landscaping Solutions,Vietnam
IT Peripherals Supply,USA
Catering Services Co,Mexico
Waste Management Ltd,Germany
Print & Signage Co,USA
Local Electrician Services,Vietnam
Precision Motion Systems,USA
AutomationTech GmbH,Germany
RoboCell Integrators,Germany
ControlLogic Systems,USA
ServoDrive Solutions,India
